profile_id,commodity_id,units_per_day
agri_hub,food,8
agri_hub,water,-1
agri_hub,oxygen,1
agri_hub,fuel,0.5
agri_hub,electronics,-0.5
agri_hub,machinery,-0.2
agri_hub,medicine,0.5
industrial_hub,metals,-2
industrial_hub,electronics,4
industrial_hub,machinery,1.5
industrial_hub,food,-2
industrial_hub,fuel,-1
industrial_hub,reactor_fuel,-0.5
chem_hub,fuel,6
chem_hub,oxygen,4
chem_hub,food,1
chem_hub,electronics,-0.3
chem_hub,machinery,-0.3
chem_hub,metals,-0.5
chem_hub,reactor_fuel,-0.3
smelter_hub,metals,10
smelter_hub,machinery,1.2
smelter_hub,food,-2
smelter_hub,water,-1
smelter_hub,oxygen,-2
smelter_hub,fuel,-2
smelter_hub,electronics,-0.5
smelter_hub,medicine,-0.3
frontier_hub,food,-1
frontier_hub,water,0.5
frontier_hub,oxygen,-0.5
frontier_hub,fuel,-2
frontier_hub,electronics,-0.7
frontier_hub,machinery,-0.3
frontier_hub,metals,-1
frontier_hub,medicine,-0.2
extractor_hub,water,4
extractor_hub,metals,5
extractor_hub,food,-1
extractor_hub,oxygen,-1
extractor_hub,fuel,-2
extractor_hub,electronics,-0.5
extractor_hub,machinery,-0.5
extractor_hub,medicine,-0.3
extractor_hub,reactor_fuel,1
