station_id,commodity_id,reference_price,base_price,transport_per_unit,producer_id,class_id,round_trip_days
ceres_depot,electronics,211.78,200.00,9.82,earth_orbit,plasma_bulk_tanker,507.1
ceres_depot,food,64.51,50.00,12.09,earth_l1,plasma_bulk_tanker,671.9
ceres_depot,machinery,332.47,300.00,27.06,earth_orbit,plasma_bulk_tanker@50%,750.0
ceres_depot,medicine,263.00,250.00,10.84,earth_l1,plasma_bulk_tanker,585.2
ceres_depot,oxygen,43.00,30.00,10.84,earth_l1,plasma_bulk_tanker,585.2
earth_l1,electronics,200.82,200.00,0.68,earth_orbit,bulk_tanker,0.3
earth_l1,machinery,302.31,300.00,1.92,earth_orbit,bulk_tanker,0.3
earth_l1,water,21.69,20.00,1.41,luna_base,plasma_bulk_tanker,54.7
earth_orbit,food,51.24,50.00,1.04,earth_l1,bulk_tanker,0.3
earth_orbit,metals,77.76,75.00,2.30,luna_base,plasma_bulk_tanker,73.0
earth_orbit,reactor_fuel,434.06,400.00,28.38,ceres_depot,plasma_bulk_tanker@50%,692.2
ganymede_depot,electronics,221.56,200.00,17.96,earth_orbit,plasma_bulk_tanker,1106.7
ganymede_depot,food,76.21,50.00,21.84,earth_l1,plasma_bulk_tanker,1343.5
ganymede_depot,machinery,400.48,300.00,83.73,earth_orbit,plasma_bulk_tanker@25%,1338.8
ganymede_depot,medicine,271.50,250.00,17.92,venus_cloud,plasma_bulk_tanker,1113.0
ganymede_depot,oxygen,51.50,30.00,17.92,venus_cloud,plasma_bulk_tanker,1113.0
luna_base,electronics,201.09,200.00,0.91,earth_orbit,plasma_bulk_tanker,33.8
luna_base,food,51.69,50.00,1.41,earth_l1,plasma_bulk_tanker,54.7
luna_base,machinery,303.68,300.00,3.07,earth_orbit,plasma_bulk_tanker,126.4
luna_base,medicine,251.28,250.00,1.07,earth_l1,plasma_bulk_tanker,32.3
luna_base,oxygen,31.28,30.00,1.07,earth_l1,plasma_bulk_tanker,32.3
mars_transfer,electronics,209.90,200.00,8.25,earth_orbit,plasma_bulk_tanker,399.6
mars_transfer,food,63.97,50.00,11.64,earth_l1,plasma_bulk_tanker,643.4
mars_transfer,machinery,329.35,300.00,24.46,earth_orbit,plasma_bulk_tanker@50%,643.4
mars_transfer,medicine,259.41,250.00,7.84,venus_cloud,plasma_bulk_tanker,372.1
mars_transfer,metals,90.88,75.00,13.24,luna_base,plasma_bulk_tanker,704.4
mars_transfer,oxygen,39.41,30.00,7.84,venus_cloud,plasma_bulk_tanker,372.1
mercury_yard,electronics,213.80,200.00,11.50,earth_orbit,plasma_bulk_tanker@50%,215.9
mercury_yard,food,333.63,50.00,236.35,venus_cloud,ntr_freighter@50%,344.2
mercury_yard,medicine,280.18,250.00,25.15,earth_l1,plasma_bulk_tanker@25%,214.5
mercury_yard,oxygen,60.18,30.00,25.15,earth_l1,plasma_bulk_tanker@25%,214.5
mercury_yard,water,56.43,20.00,30.36,mars_transfer,plasma_bulk_tanker@25%,384.8
titan_works,electronics,223.45,200.00,19.54,earth_orbit,plasma_bulk_tanker,1245.0
titan_works,machinery,365.70,300.00,54.75,earth_orbit,plasma_bulk_tanker@50%,1760.8
titan_works,metals,109.41,75.00,28.67,luna_base,plasma_bulk_tanker,1761.1
titan_works,reactor_fuel,443.29,400.00,36.08,ganymede_depot,plasma_bulk_tanker,2291.4
venus_cloud,electronics,208.06,200.00,6.72,earth_orbit,plasma_bulk_tanker,289.8
venus_cloud,machinery,319.45,300.00,16.21,earth_orbit,plasma_bulk_tanker@50%,350.7
venus_cloud,metals,85.59,75.00,8.83,luna_base,plasma_bulk_tanker,368.5
venus_cloud,reactor_fuel,457.62,400.00,48.02,ceres_depot,plasma_bulk_tanker@25%,676.6
