id,name,faction_id,class_id,home_station_id,start_station_id,initial_propellant_kg,initial_credits
sf_hauler_01,SF Atlas,sol_fed,light_freighter,earth_l1,earth_l1,72000,25000
sf_tanker_01,SF Reservoir,sol_fed,tanker,earth_orbit,earth_orbit,72000,25000
mc_hauler_01,MC Daedalus,mars_corp,light_freighter,mars_transfer,mars_transfer,72000,25000
ind_courier_01,IN Swift,independent,fast_courier,venus_cloud,venus_cloud,72000,25000
ind_hauler_02,IN Borealis,independent,light_freighter,ceres_depot,ceres_depot,72000,25000
sf_ion_01,SF Hermes,sol_fed,ion_courier,earth_l1,earth_l1,30000,25000
mc_ion_01,MC Ares,mars_corp,ion_freighter,mars_transfer,mars_transfer,30000,25000
ind_ion_01,IN Celeris,independent,ion_courier,earth_orbit,earth_orbit,30000,25000
sol_hauler_01,SS Endeavour,sol_fed,deep_space_freighter,earth_l1,earth_l1,145000,25000
ind_hauler_03,SS Pioneer,independent,deep_space_freighter,earth_l1,earth_l1,145000,25000
sf_ntr_01,SF Prometheus,sol_fed,ntr_freighter,earth_l1,earth_l1,237000,25000
mc_ntr_01,MC Minerva,mars_corp,ntr_freighter,mars_transfer,mars_transfer,237000,25000
ind_ntr_01,IN Meridian,independent,ntr_freighter,ceres_depot,ceres_depot,237000,25000
ind_tanker_01,IN Cisterna,independent,tanker,venus_cloud,venus_cloud,72000,25000
ind_tanker_02,IN Amphora,independent,tanker,titan_works,titan_works,72000,25000
ind_ion_02,IN Aurora,independent,ion_freighter,ganymede_depot,ganymede_depot,30000,25000
sf_ion_02,SF Iris,sol_fed,ion_freighter,titan_works,titan_works,30000,25000
mc_ion_02,MC Vulcan,mars_corp,ion_freighter,ceres_depot,ceres_depot,30000,25000
sf_hauler_02,SF Caravan,sol_fed,light_freighter,luna_base,luna_base,72000,25000
mc_hauler_02,MC Cydonia,mars_corp,light_freighter,mars_transfer,mars_transfer,72000,25000
sf_ntr_02,SF Icarus,sol_fed,ntr_freighter,venus_cloud,venus_cloud,237000,25000
ind_ntr_02,IN Zephyr,independent,ntr_freighter,ganymede_depot,ganymede_depot,237000,25000
