id,name,faction_id,parent_body_id,altitude_m,theta_rad,population,economy_profile_id,storage_capacity_units,initial_credits,initial_inventory
earth_l1,Earth L1 Terminal,sol_fed,earth,1500000,0.2,22000,agri_hub,1600,100000,food:120;water:90;oxygen:80;metals:25;fuel:400;electronics:60;machinery:25;medicine:40;reactor_fuel:0
earth_orbit,Low Earth Logistics,sol_fed,earth,500000,1.4,18000,industrial_hub,4000,100000,food:300;water:45;oxygen:45;metals:1200;fuel:400;electronics:30;machinery:50;medicine:30;reactor_fuel:150
venus_cloud,Venus Aerostat Exchange,independent,venus,900000,2.1,12000,chem_hub,1700,100000,food:300;water:55;oxygen:70;metals:80;fuel:100;electronics:60;machinery:60;medicine:30;reactor_fuel:100
mercury_yard,Mercury Sunward Yard,independent,mercury,600000,2.9,8000,smelter_hub,3500,100000,food:400;water:300;oxygen:500;metals:140;fuel:400;electronics:60;machinery:60;medicine:50;reactor_fuel:0
mars_transfer,Mars Transfer Port,mars_corp,mars,1200000,0.7,17000,frontier_hub,4200,100000,food:600;water:300;oxygen:200;metals:150;fuel:800;electronics:120;machinery:60;medicine:80;reactor_fuel:50
ceres_depot,Ceres Deep Depot,independent,ceres,400000,1.8,9000,extractor_hub,4000,100000,food:500;water:35;oxygen:400;metals:160;fuel:800;electronics:150;machinery:100;medicine:60;reactor_fuel:0
luna_base,Lunar Gateway,sol_fed,luna,200000,0.3,5000,frontier_hub,3600,100000,food:600;water:300;oxygen:200;metals:100;fuel:500;electronics:120;machinery:60;medicine:80;reactor_fuel:50
ganymede_depot,Ganymede Deep Mine,independent,ganymede,500000,1.1,6000,extractor_hub,7500,100000,food:1500;water:400;oxygen:500;metals:300;fuel:1000;electronics:300;machinery:200;medicine:150;reactor_fuel:0
titan_works,Titan Atmo Works,independent,titan,800000,2.4,7000,chem_hub,4000,100000,food:1000;water:200;oxygen:300;metals:100;fuel:100;electronics:200;machinery:150;medicine:80;reactor_fuel:100
